mamr,mamer,mamr,maemr,
hasni,hsni,hasny,hasne,
mohamad,mohmad,mahamad,mahmad,
sef,sif,sef,sief,
marhaba,mrhaba,marhba,mrhba,
sada,sadah,sadh,sada,
saodi,saody,saodi,saode,
nam,nam,naom,naem,
shcralk,shkralk,shcralek,shkralek,
